"Metric","Pre","Post","Change_Pre_to_Post","PctChange_Pre_to_Post"
"Nodes",22,15,-7,-31.8181818181818
"Edges",211,105,-106,-50.2369668246445
"Density",0.913419913419913,1,0.0865800865800865,9.47867298578199
"Mean Degree",19.1818181818182,14,-5.18181818181818,-27.0142180094787
"Transitivity",1,1,0,0
"Avg Path Length",NA,0.229045559755059,NA,NA
"Modularity",0.144296467296247,0.114244752444617,-0.0300517148516304,-20.8263690821569
"Components",2,1,-1,-50
